First Name,Last Name,Age
Ethan,Smith,24
Olivia,Johnson,29
Liam,Williams,23
Emma,Brown,31
Noah,Jones,19
Ava,Miller,34
Sophia,Davis,27
Mason,Garcia,22
Isabella,Martinez,30
Lucas,Rodriguez,18
Mia,Martinez,21
Amelia,Hernandez,25
James,Lopez,28
Harper,Gonzalez,32
Benjamin,Wilson,20
Evelyn,Anderson,26
Henry,Thomas,33
Ella,Taylor,19
Sebastian,Moore,24
Grace,Jackson,27
Aiden,Martin,31
Chloe,Lee,22
Matthew,Perez,20
Scarlett,Thompson,23
Alexander,White,25
Avery,Harris,30
Jackson,Sanchez,18
Lily,Clark,21
Daniel,Ramirez,29
Hannah,Lewis,32
Michael,Robinson,26
Riley,Walker,19
Samuel,Young,34
Aria,Hall,24
David,Allen,28
Victoria,Wright,22
Joseph,King,33
Layla,Scott,21
Gabriel,Green,23
Nora,Baker,31
Andrew,Adams,20
Ellie,Nelson,25
Christopher,Hill,27
Zoey,Rivera,32
Jacob,Carter,30
Stella,Mitchell,18
Ryan,Roberts,19
Hazel,Diaz,22
Nathan,Rogers,29
Mila,Reed,28
Dylan,Cook,26
